serie,modelo,p,d,q,P,D,Q,AIC,BIC,ljung_box_p,jarque_bera_p
Total,"SARIMA(2,1,2)(1,1,1)[12]",2,1,2,1,1,1,67.07,87.36,0.9997,0.0
Total,"SARIMA(2,1,2)(0,1,1)[12]",2,1,2,0,1,1,67.51,84.9,0.9995,0.0
Total,"SARIMA(1,1,2)(0,1,1)[12]",1,1,2,0,1,1,68.87,83.36,0.9958,0.0
Total,"SARIMA(1,1,2)(1,1,1)[12]",1,1,2,1,1,1,69.19,86.57,0.9967,0.0
Total,"SARIMA(2,1,2)(1,1,0)[12]",2,1,2,1,1,0,69.64,87.03,0.9945,0.0
Total,"SARIMA(2,1,1)(0,1,1)[12]",2,1,1,0,1,1,70.79,85.28,0.9923,0.0
Total,"SARIMA(1,1,2)(1,1,0)[12]",1,1,2,1,1,0,70.88,85.37,0.985,0.0
Total,"SARIMA(2,1,1)(1,1,1)[12]",2,1,1,1,1,1,71.46,88.85,0.9938,0.0
Total,"SARIMA(2,1,1)(1,1,0)[12]",2,1,1,1,1,0,72.24,86.73,0.9844,0.0
Total,"SARIMA(0,1,0)(0,1,1)[12]",0,1,0,0,1,1,73.97,79.77,0.845,0.0
Total,"SARIMA(1,1,0)(0,1,1)[12]",1,1,0,0,1,1,74.49,83.18,0.837,0.0
Total,"SARIMA(0,1,0)(1,1,0)[12]",0,1,0,1,1,0,74.5,80.29,0.8147,0.0
Total,"SARIMA(0,1,1)(0,1,1)[12]",0,1,1,0,1,1,74.63,83.32,0.8266,0.0
Total,"SARIMA(0,1,0)(1,1,1)[12]",0,1,0,1,1,1,74.79,83.48,0.8518,0.0
Total,"SARIMA(1,1,0)(1,1,1)[12]",1,1,0,1,1,1,75.07,86.66,0.8516,0.0
Total,"SARIMA(1,1,0)(1,1,0)[12]",1,1,0,1,1,0,75.15,83.84,0.8206,0.0
Total,"SARIMA(0,1,1)(1,1,1)[12]",0,1,1,1,1,1,75.23,86.82,0.8374,0.0
Total,"SARIMA(0,1,1)(1,1,0)[12]",0,1,1,1,1,0,75.28,83.97,0.8094,0.0
Total,"SARIMA(0,1,2)(0,1,1)[12]",0,1,2,0,1,1,76.2,87.79,0.8988,0.0
Total,"SARIMA(2,1,0)(0,1,1)[12]",2,1,0,0,1,1,76.26,87.86,0.9007,0.0
Total,"SARIMA(1,1,1)(0,1,1)[12]",1,1,1,0,1,1,76.37,87.96,0.8704,0.0
Total,"SARIMA(0,1,2)(1,1,1)[12]",0,1,2,1,1,1,76.81,91.3,0.9115,0.0
Total,"SARIMA(0,1,2)(1,1,0)[12]",0,1,2,1,1,0,76.83,88.42,0.8908,0.0
Total,"SARIMA(2,1,0)(1,1,0)[12]",2,1,0,1,1,0,76.87,88.46,0.8937,0.0
Total,"SARIMA(2,1,0)(1,1,1)[12]",2,1,0,1,1,1,76.89,91.38,0.9097,0.0
Total,"SARIMA(1,1,1)(1,1,1)[12]",1,1,1,1,1,1,76.98,91.47,0.8828,0.0
Total,"SARIMA(1,1,1)(1,1,0)[12]",1,1,1,1,1,0,76.99,88.59,0.8601,0.0
Total,"SARIMA(0,1,0)(0,1,0)[12]",0,1,0,0,1,0,88.27,91.17,0.568,0.0
Total,"SARIMA(2,1,1)(0,1,0)[12]",2,1,1,0,1,0,88.78,100.37,0.7769,0.0
Total,"SARIMA(2,1,2)(0,1,0)[12]",2,1,2,0,1,0,89.54,104.03,0.7784,0.0
Total,"SARIMA(1,1,0)(0,1,0)[12]",1,1,0,0,1,0,90.1,95.9,0.5473,0.0
Total,"SARIMA(0,1,1)(0,1,0)[12]",0,1,1,0,1,0,90.12,95.92,0.5491,0.0
Total,"SARIMA(2,1,0)(0,1,0)[12]",2,1,0,0,1,0,91.6,100.29,0.6282,0.0
Total,"SARIMA(0,1,2)(0,1,0)[12]",0,1,2,0,1,0,91.65,100.35,0.6133,0.0
Total,"SARIMA(1,1,1)(0,1,0)[12]",1,1,1,0,1,0,91.92,100.61,0.5721,0.0
Total,"SARIMA(1,1,2)(0,1,0)[12]",1,1,2,0,1,0,93.65,105.25,0.6142,0.0
Via_Aérea,"SARIMA(2,1,2)(1,1,0)[12]",2,1,2,1,1,0,179.52,196.91,0.914,0.0
Via_Aérea,"SARIMA(2,1,2)(1,1,1)[12]",2,1,2,1,1,1,181.17,201.46,0.9137,0.0
Via_Aérea,"SARIMA(0,1,1)(1,1,0)[12]",0,1,1,1,1,0,184.91,193.6,0.5947,0.0
Via_Aérea,"SARIMA(2,1,2)(0,1,0)[12]",2,1,2,0,1,0,185.42,199.91,0.9238,0.0
Via_Aérea,"SARIMA(1,1,0)(1,1,0)[12]",1,1,0,1,1,0,185.49,194.19,0.5801,0.0
Via_Aérea,"SARIMA(0,1,1)(0,1,1)[12]",0,1,1,0,1,1,185.83,194.52,0.6274,0.0
Via_Aérea,"SARIMA(0,1,0)(1,1,0)[12]",0,1,0,1,1,0,185.84,191.63,0.4741,0.0
Via_Aérea,"SARIMA(0,1,2)(1,1,0)[12]",0,1,2,1,1,0,185.84,197.43,0.6227,0.0
Via_Aérea,"SARIMA(1,1,0)(0,1,1)[12]",1,1,0,0,1,1,186.3,195.0,0.616,0.0
Via_Aérea,"SARIMA(0,1,0)(0,1,1)[12]",0,1,0,0,1,1,186.44,192.24,0.5035,0.0
Via_Aérea,"SARIMA(2,1,0)(1,1,0)[12]",2,1,0,1,1,0,186.44,198.03,0.598,0.0
Via_Aérea,"SARIMA(2,1,2)(0,1,1)[12]",2,1,2,0,1,1,186.58,203.97,0.7586,0.0
Via_Aérea,"SARIMA(0,1,1)(1,1,1)[12]",0,1,1,1,1,1,186.65,198.24,0.6182,0.0
Via_Aérea,"SARIMA(0,1,2)(0,1,1)[12]",0,1,2,0,1,1,186.89,198.48,0.6428,0.0
Via_Aérea,"SARIMA(1,1,0)(1,1,1)[12]",1,1,0,1,1,1,187.22,198.81,0.6029,0.0
Via_Aérea,"SARIMA(2,1,0)(0,1,1)[12]",2,1,0,0,1,1,187.44,199.03,0.6217,0.0
Via_Aérea,"SARIMA(0,1,0)(1,1,1)[12]",0,1,0,1,1,1,187.61,196.3,0.4782,0.0
Via_Aérea,"SARIMA(0,1,2)(1,1,1)[12]",0,1,2,1,1,1,187.61,202.1,0.6392,0.0
Via_Aérea,"SARIMA(2,1,1)(1,1,0)[12]",2,1,1,1,1,0,187.61,202.1,0.6224,0.0
Via_Aérea,"SARIMA(1,1,2)(1,1,0)[12]",1,1,2,1,1,0,187.78,202.27,0.6287,0.0
Via_Aérea,"SARIMA(2,1,0)(1,1,1)[12]",2,1,0,1,1,1,188.24,202.73,0.6123,0.0
Via_Aérea,"SARIMA(2,1,1)(0,1,1)[12]",2,1,1,0,1,1,188.68,203.17,0.6422,0.0
Via_Aérea,"SARIMA(1,1,2)(0,1,1)[12]",1,1,2,0,1,1,188.81,203.3,0.65,0.0
Via_Aérea,"SARIMA(2,1,1)(1,1,1)[12]",2,1,1,1,1,1,189.39,206.78,0.6382,0.0
Via_Aérea,"SARIMA(1,1,2)(1,1,1)[12]",1,1,2,1,1,1,189.54,206.93,0.6465,0.0
Via_Aérea,"SARIMA(1,1,1)(1,1,0)[12]",1,1,1,1,1,0,189.64,201.23,0.4547,0.0
Via_Aérea,"SARIMA(1,1,1)(0,1,1)[12]",1,1,1,0,1,1,190.1,201.69,0.4745,0.0
Via_Aérea,"SARIMA(0,1,0)(0,1,0)[12]",0,1,0,0,1,0,190.33,193.23,0.5383,0.0
Via_Aérea,"SARIMA(0,1,1)(0,1,0)[12]",0,1,1,0,1,0,190.82,196.61,0.5799,0.0
Via_Aérea,"SARIMA(1,1,0)(0,1,0)[12]",1,1,0,0,1,0,191.08,196.87,0.5772,0.0
Via_Aérea,"SARIMA(1,1,1)(1,1,1)[12]",1,1,1,1,1,1,191.39,205.88,0.4549,0.0
Via_Aérea,"SARIMA(0,1,2)(0,1,0)[12]",0,1,2,0,1,0,191.97,200.66,0.6022,0.0
Via_Aérea,"SARIMA(2,1,0)(0,1,0)[12]",2,1,0,0,1,0,192.31,201.0,0.5905,0.0
Via_Aérea,"SARIMA(2,1,1)(0,1,0)[12]",2,1,1,0,1,0,193.74,205.33,0.6064,0.0
Via_Aérea,"SARIMA(1,1,2)(0,1,0)[12]",1,1,2,0,1,0,193.89,205.49,0.6091,0.0
Via_Aérea,"SARIMA(1,1,1)(0,1,0)[12]",1,1,1,0,1,0,194.04,202.73,0.5201,0.0
Via_Terrestre,"SARIMA(2,1,2)(0,1,1)[12]",2,1,2,0,1,1,128.61,145.99,0.4605,0.0
Via_Terrestre,"SARIMA(2,1,2)(1,1,0)[12]",2,1,2,1,1,0,128.64,146.03,0.4583,0.0
Via_Terrestre,"SARIMA(1,1,2)(1,1,0)[12]",1,1,2,1,1,0,129.48,143.97,0.296,0.0
Via_Terrestre,"SARIMA(0,1,1)(1,1,0)[12]",0,1,1,1,1,0,130.03,138.72,0.4399,0.0
Via_Terrestre,"SARIMA(1,1,0)(1,1,0)[12]",1,1,0,1,1,0,130.06,138.76,0.4072,0.0
Via_Terrestre,"SARIMA(0,1,1)(0,1,1)[12]",0,1,1,0,1,1,130.08,138.77,0.4551,0.0
Via_Terrestre,"SARIMA(2,1,2)(1,1,1)[12]",2,1,2,1,1,1,130.15,150.43,0.4571,0.0
Via_Terrestre,"SARIMA(1,1,0)(0,1,1)[12]",1,1,0,0,1,1,130.21,138.9,0.414,0.0
Via_Terrestre,"SARIMA(0,1,1)(1,1,1)[12]",0,1,1,1,1,1,131.48,143.08,0.4585,0.0
Via_Terrestre,"SARIMA(1,1,0)(1,1,1)[12]",1,1,0,1,1,1,131.63,143.22,0.4159,0.0
Via_Terrestre,"SARIMA(2,1,1)(1,1,0)[12]",2,1,1,1,1,0,131.69,146.18,0.5692,0.0
Via_Terrestre,"SARIMA(1,1,1)(0,1,1)[12]",1,1,1,0,1,1,131.97,143.56,0.4982,0.0
Via_Terrestre,"SARIMA(0,1,2)(1,1,0)[12]",0,1,2,1,1,0,132.03,143.62,0.4404,0.0
Via_Terrestre,"SARIMA(1,1,1)(1,1,0)[12]",1,1,1,1,1,0,132.03,143.62,0.4419,0.0
Via_Terrestre,"SARIMA(0,1,2)(0,1,1)[12]",0,1,2,0,1,1,132.06,143.65,0.4687,0.0
Via_Terrestre,"SARIMA(2,1,0)(1,1,0)[12]",2,1,0,1,1,0,132.06,143.65,0.4142,0.0
Via_Terrestre,"SARIMA(2,1,1)(0,1,1)[12]",2,1,1,0,1,1,132.06,146.55,0.569,0.0
Via_Terrestre,"SARIMA(2,1,0)(0,1,1)[12]",2,1,0,0,1,1,132.17,143.77,0.4342,0.0
Via_Terrestre,"SARIMA(1,1,2)(0,1,1)[12]",1,1,2,0,1,1,132.19,146.68,0.5779,0.0
Via_Terrestre,"SARIMA(0,1,0)(1,1,0)[12]",0,1,0,1,1,0,132.24,138.03,0.1852,0.0
Via_Terrestre,"SARIMA(0,1,0)(0,1,1)[12]",0,1,0,0,1,1,132.27,138.07,0.1944,0.0
Via_Terrestre,"SARIMA(1,1,1)(1,1,1)[12]",1,1,1,1,1,1,133.37,147.86,0.4999,0.0
Via_Terrestre,"SARIMA(2,1,1)(1,1,1)[12]",2,1,1,1,1,1,133.45,150.84,0.5726,0.0
Via_Terrestre,"SARIMA(0,1,2)(1,1,1)[12]",0,1,2,1,1,1,133.46,147.95,0.4733,0.0
Via_Terrestre,"SARIMA(1,1,2)(1,1,1)[12]",1,1,2,1,1,1,133.58,150.96,0.5822,0.0
Via_Terrestre,"SARIMA(2,1,0)(1,1,1)[12]",2,1,0,1,1,1,133.58,148.07,0.4395,0.0
Via_Terrestre,"SARIMA(0,1,0)(1,1,1)[12]",0,1,0,1,1,1,133.64,142.33,0.1895,0.0
Via_Terrestre,"SARIMA(2,1,2)(0,1,0)[12]",2,1,2,0,1,0,135.95,150.44,0.3755,0.0
Via_Terrestre,"SARIMA(1,1,1)(0,1,0)[12]",1,1,1,0,1,0,136.21,144.9,0.189,0.0
Via_Terrestre,"SARIMA(1,1,2)(0,1,0)[12]",1,1,2,0,1,0,137.61,149.21,0.2506,0.0
Via_Terrestre,"SARIMA(2,1,1)(0,1,0)[12]",2,1,1,0,1,0,137.76,149.35,0.2327,0.0
Via_Terrestre,"SARIMA(1,1,0)(0,1,0)[12]",1,1,0,0,1,0,137.8,143.59,0.293,0.0
Via_Terrestre,"SARIMA(0,1,1)(0,1,0)[12]",0,1,1,0,1,0,137.99,143.78,0.3151,0.0
Via_Terrestre,"SARIMA(2,1,0)(0,1,0)[12]",2,1,0,0,1,0,139.76,148.46,0.2806,0.0
Via_Terrestre,"SARIMA(0,1,2)(0,1,0)[12]",0,1,2,0,1,0,139.92,148.62,0.3013,0.0
Via_Terrestre,"SARIMA(0,1,0)(0,1,0)[12]",0,1,0,0,1,0,140.85,143.75,0.1205,0.0
Via_Marítima,"SARIMA(0,1,1)(1,0,1)[12]",0,1,1,1,0,1,607.97,619.9,0.0,0.0
Via_Marítima,"SARIMA(2,1,1)(1,0,1)[12]",2,1,1,1,0,1,609.68,627.58,0.0,0.0
Via_Marítima,"SARIMA(1,1,1)(1,0,1)[12]",1,1,1,1,0,1,609.94,624.86,0.0,0.0
Via_Marítima,"SARIMA(0,1,2)(1,0,1)[12]",0,1,2,1,0,1,609.95,624.87,0.0,0.0
Via_Marítima,"SARIMA(2,1,2)(1,0,1)[12]",2,1,2,1,0,1,611.67,632.56,0.0,0.0
Via_Marítima,"SARIMA(1,1,2)(1,0,1)[12]",1,1,2,1,0,1,611.76,629.66,0.0,0.0
Via_Marítima,"SARIMA(2,1,0)(1,0,1)[12]",2,1,0,1,0,1,614.14,629.06,0.0,0.0
Via_Marítima,"SARIMA(1,1,0)(1,0,1)[12]",1,1,0,1,0,1,616.82,628.76,0.0,0.0
Via_Marítima,"SARIMA(2,1,1)(1,0,0)[12]",2,1,1,1,0,0,619.83,634.75,0.0,0.0
Via_Marítima,"SARIMA(0,1,1)(1,0,0)[12]",0,1,1,1,0,0,621.3,630.25,0.0,0.0
Via_Marítima,"SARIMA(2,1,1)(0,0,0)[12]",2,1,1,0,0,0,621.52,633.46,0.0,0.0
Via_Marítima,"SARIMA(2,1,1)(0,0,1)[12]",2,1,1,0,0,1,621.73,636.65,0.0,0.0
Via_Marítima,"SARIMA(2,1,2)(1,0,0)[12]",2,1,2,1,0,0,621.83,639.73,0.0,0.0
Via_Marítima,"SARIMA(1,1,1)(1,0,0)[12]",1,1,1,1,0,0,623.12,635.06,0.0,0.0
Via_Marítima,"SARIMA(2,1,2)(0,0,0)[12]",2,1,2,0,0,0,623.15,638.07,0.0,0.0
Via_Marítima,"SARIMA(1,1,1)(0,0,0)[12]",1,1,1,0,0,0,623.2,632.15,0.0,0.0
Via_Marítima,"SARIMA(0,1,2)(1,0,0)[12]",0,1,2,1,0,0,623.27,635.2,0.0,0.0
Via_Marítima,"SARIMA(2,1,2)(0,0,1)[12]",2,1,2,0,0,1,623.63,641.53,0.0,0.0
Via_Marítima,"SARIMA(2,1,0)(1,0,0)[12]",2,1,0,1,0,0,624.15,636.08,0.0,0.0
Via_Marítima,"SARIMA(1,1,2)(1,0,0)[12]",1,1,2,1,0,0,624.74,639.66,0.0,0.0
Via_Marítima,"SARIMA(0,1,1)(0,0,1)[12]",0,1,1,0,0,1,625.32,634.27,0.0,0.0
Via_Marítima,"SARIMA(1,1,0)(1,0,0)[12]",1,1,0,1,0,0,625.67,634.63,0.0,0.0
Via_Marítima,"SARIMA(0,1,1)(0,0,0)[12]",0,1,1,0,0,0,626.23,632.2,0.0,0.0
Via_Marítima,"SARIMA(1,1,1)(0,0,1)[12]",1,1,1,0,0,1,627.27,639.21,0.0,0.0
Via_Marítima,"SARIMA(1,1,0)(0,0,0)[12]",1,1,0,0,0,0,627.28,633.25,0.0,0.0
Via_Marítima,"SARIMA(0,1,2)(0,0,1)[12]",0,1,2,0,0,1,627.32,639.25,0.0,0.0
Via_Marítima,"SARIMA(1,1,0)(0,0,1)[12]",1,1,0,0,0,1,627.35,636.3,0.0,0.0
Via_Marítima,"SARIMA(2,1,0)(0,0,1)[12]",2,1,0,0,0,1,627.7,639.63,0.0,0.0
Via_Marítima,"SARIMA(0,1,2)(0,0,0)[12]",0,1,2,0,0,0,628.23,637.18,0.0,0.0
Via_Marítima,"SARIMA(2,1,0)(0,0,0)[12]",2,1,0,0,0,0,628.59,637.54,0.0,0.0
Via_Marítima,"SARIMA(1,1,2)(0,0,1)[12]",1,1,2,0,0,1,628.96,643.88,0.0,0.0
Via_Marítima,"SARIMA(1,1,2)(0,0,0)[12]",1,1,2,0,0,0,629.92,641.85,0.0,0.0
Via_Marítima,"SARIMA(0,1,0)(1,0,1)[12]",0,1,0,1,0,1,644.11,653.07,0.0,0.0
Via_Marítima,"SARIMA(0,1,0)(0,0,0)[12]",0,1,0,0,0,0,644.97,647.96,0.0,0.0
Via_Marítima,"SARIMA(0,1,0)(1,0,0)[12]",0,1,0,1,0,0,646.17,652.14,0.0,0.0
Via_Marítima,"SARIMA(0,1,0)(0,0,1)[12]",0,1,0,0,0,1,646.47,652.44,0.0,0.0
Pais_ElSalvador,"SARIMA(2,1,0)(1,1,0)[12]",2,1,0,1,1,0,8.0,19.59,0.0,
Pais_ElSalvador,"SARIMA(1,1,2)(0,1,0)[12]",1,1,2,0,1,0,449.3,460.89,0.134,0.0
Pais_ElSalvador,"SARIMA(1,1,2)(0,1,1)[12]",1,1,2,0,1,1,449.93,464.42,0.1297,0.0
Pais_ElSalvador,"SARIMA(1,1,2)(1,1,0)[12]",1,1,2,1,1,0,450.2,464.69,0.1317,0.0
Pais_ElSalvador,"SARIMA(2,1,2)(0,1,0)[12]",2,1,2,0,1,0,452.77,467.26,0.1912,0.0
Pais_ElSalvador,"SARIMA(1,1,2)(1,1,1)[12]",1,1,2,1,1,1,453.18,470.57,0.14,0.0
Pais_ElSalvador,"SARIMA(2,1,2)(1,1,0)[12]",2,1,2,1,1,0,454.06,471.44,0.1727,0.0
Pais_ElSalvador,"SARIMA(2,1,2)(0,1,1)[12]",2,1,2,0,1,1,454.09,471.47,0.1709,0.0
Pais_ElSalvador,"SARIMA(2,1,1)(0,1,0)[12]",2,1,1,0,1,0,455.47,467.06,0.05,0.0
Pais_ElSalvador,"SARIMA(2,1,2)(1,1,1)[12]",2,1,2,1,1,1,456.05,476.34,0.175,0.0
Pais_ElSalvador,"SARIMA(2,1,1)(0,1,1)[12]",2,1,1,0,1,1,456.18,470.67,0.0427,0.0
Pais_ElSalvador,"SARIMA(2,1,1)(1,1,0)[12]",2,1,1,1,1,0,456.24,470.73,0.0457,0.0
Pais_ElSalvador,"SARIMA(2,1,1)(1,1,1)[12]",2,1,1,1,1,1,458.18,475.57,0.0429,0.0
Pais_ElSalvador,"SARIMA(1,1,1)(1,1,1)[12]",1,1,1,1,1,1,459.25,473.74,0.0636,0.0
Pais_ElSalvador,"SARIMA(0,1,0)(0,1,0)[12]",0,1,0,0,1,0,460.57,463.47,0.022,0.0
Pais_ElSalvador,"SARIMA(0,1,0)(1,1,0)[12]",0,1,0,1,1,0,461.36,467.16,0.023,0.0
Pais_ElSalvador,"SARIMA(0,1,0)(0,1,1)[12]",0,1,0,0,1,1,461.42,467.22,0.0216,0.0
Pais_ElSalvador,"SARIMA(0,1,1)(0,1,0)[12]",0,1,1,0,1,0,462.53,468.33,0.0284,0.0
Pais_ElSalvador,"SARIMA(1,1,0)(0,1,0)[12]",1,1,0,0,1,0,462.53,468.33,0.0285,0.0
Pais_ElSalvador,"SARIMA(0,1,1)(1,1,0)[12]",0,1,1,1,1,0,463.33,472.03,0.0275,0.0
Pais_ElSalvador,"SARIMA(1,1,0)(1,1,0)[12]",1,1,0,1,1,0,463.33,472.03,0.0276,0.0
Pais_ElSalvador,"SARIMA(0,1,0)(1,1,1)[12]",0,1,0,1,1,1,463.36,472.05,0.0227,0.0
Pais_ElSalvador,"SARIMA(0,1,1)(0,1,1)[12]",0,1,1,0,1,1,463.39,472.08,0.0264,0.0
Pais_ElSalvador,"SARIMA(1,1,0)(0,1,1)[12]",1,1,0,0,1,1,463.39,472.08,0.0264,0.0
Pais_ElSalvador,"SARIMA(0,1,2)(0,1,0)[12]",0,1,2,0,1,0,464.53,473.22,0.0284,0.0
Pais_ElSalvador,"SARIMA(1,1,1)(0,1,0)[12]",1,1,1,0,1,0,464.53,473.22,0.0284,0.0
Pais_ElSalvador,"SARIMA(2,1,0)(0,1,0)[12]",2,1,0,0,1,0,464.53,473.22,0.0294,0.0
Pais_ElSalvador,"SARIMA(0,1,1)(1,1,1)[12]",0,1,1,1,1,1,465.33,476.92,0.0273,0.0
Pais_ElSalvador,"SARIMA(0,1,2)(1,1,0)[12]",0,1,2,1,1,0,465.33,476.92,0.0277,0.0
Pais_ElSalvador,"SARIMA(1,1,0)(1,1,1)[12]",1,1,0,1,1,1,465.33,476.92,0.0274,0.0
Pais_ElSalvador,"SARIMA(1,1,1)(1,1,0)[12]",1,1,1,1,1,0,465.33,476.93,0.0276,0.0
Pais_ElSalvador,"SARIMA(0,1,2)(0,1,1)[12]",0,1,2,0,1,1,465.39,476.98,0.0265,0.0
Pais_ElSalvador,"SARIMA(1,1,1)(0,1,1)[12]",1,1,1,0,1,1,465.39,476.98,0.0264,0.0
Pais_ElSalvador,"SARIMA(2,1,0)(0,1,1)[12]",2,1,0,0,1,1,465.39,476.98,0.0272,0.0
Pais_ElSalvador,"SARIMA(0,1,2)(1,1,1)[12]",0,1,2,1,1,1,467.33,481.82,0.0275,0.0
Pais_ElSalvador,"SARIMA(2,1,0)(1,1,1)[12]",2,1,0,1,1,1,467.33,481.82,0.0283,0.0
Pais_Honduras,"SARIMA(2,1,2)(0,1,1)[12]",2,1,2,0,1,1,393.49,410.87,0.0572,0.0
Pais_Honduras,"SARIMA(2,1,2)(1,1,0)[12]",2,1,2,1,1,0,393.51,410.89,0.0587,0.0
Pais_Honduras,"SARIMA(2,1,2)(0,1,0)[12]",2,1,2,0,1,0,394.11,408.6,0.0973,0.0
Pais_Honduras,"SARIMA(2,1,1)(0,1,1)[12]",2,1,1,0,1,1,395.19,409.68,0.0117,0.0
Pais_Honduras,"SARIMA(2,1,1)(1,1,0)[12]",2,1,1,1,1,0,395.32,409.81,0.0121,0.0
Pais_Honduras,"SARIMA(2,1,2)(1,1,1)[12]",2,1,2,1,1,1,395.34,415.62,0.0534,0.0
Pais_Honduras,"SARIMA(1,1,1)(0,1,1)[12]",1,1,1,0,1,1,395.98,407.57,0.0214,0.0
Pais_Honduras,"SARIMA(1,1,1)(1,1,0)[12]",1,1,1,1,1,0,396.13,407.72,0.0225,0.0
Pais_Honduras,"SARIMA(2,1,1)(1,1,1)[12]",2,1,1,1,1,1,396.88,414.26,0.0102,0.0
Pais_Honduras,"SARIMA(1,1,1)(0,1,0)[12]",1,1,1,0,1,0,397.35,406.04,0.0417,0.0
Pais_Honduras,"SARIMA(1,1,1)(1,1,1)[12]",1,1,1,1,1,1,397.82,412.31,0.0195,0.0
Pais_Honduras,"SARIMA(0,1,0)(0,1,1)[12]",0,1,0,0,1,1,399.16,404.96,0.0085,0.0
Pais_Honduras,"SARIMA(0,1,0)(1,1,0)[12]",0,1,0,1,1,0,399.18,404.97,0.0084,0.0
Pais_Honduras,"SARIMA(0,1,0)(0,1,0)[12]",0,1,0,0,1,0,400.27,403.17,0.013,0.0
Pais_Honduras,"SARIMA(0,1,0)(1,1,1)[12]",0,1,0,1,1,1,400.93,409.62,0.0079,0.0
Pais_Honduras,"SARIMA(0,1,1)(0,1,1)[12]",0,1,1,0,1,1,401.16,409.86,0.0087,0.0
Pais_Honduras,"SARIMA(1,1,0)(0,1,1)[12]",1,1,0,0,1,1,401.16,409.86,0.0087,0.0
Pais_Honduras,"SARIMA(0,1,1)(1,1,0)[12]",0,1,1,1,1,0,401.18,409.87,0.0086,0.0
Pais_Honduras,"SARIMA(1,1,0)(1,1,0)[12]",1,1,0,1,1,0,401.18,409.87,0.0086,0.0
Pais_Honduras,"SARIMA(1,1,0)(0,1,0)[12]",1,1,0,0,1,0,402.21,408.01,0.0172,0.0
Pais_Honduras,"SARIMA(0,1,1)(0,1,0)[12]",0,1,1,0,1,0,402.22,408.01,0.0169,0.0
Pais_Honduras,"SARIMA(0,1,1)(1,1,1)[12]",0,1,1,1,1,1,402.92,414.52,0.0077,0.0
Pais_Honduras,"SARIMA(1,1,0)(1,1,1)[12]",1,1,0,1,1,1,402.92,414.52,0.0077,0.0
Pais_Honduras,"SARIMA(2,1,0)(1,1,0)[12]",2,1,0,1,1,0,403.03,414.62,0.0093,0.0
Pais_Honduras,"SARIMA(2,1,0)(0,1,1)[12]",2,1,0,0,1,1,403.05,414.64,0.0094,0.0
Pais_Honduras,"SARIMA(0,1,2)(1,1,0)[12]",0,1,2,1,1,0,403.06,414.65,0.0093,0.0
Pais_Honduras,"SARIMA(0,1,2)(0,1,1)[12]",0,1,2,0,1,1,403.07,414.66,0.0093,0.0
Pais_Honduras,"SARIMA(2,1,0)(0,1,0)[12]",2,1,0,0,1,0,404.13,412.82,0.018,0.0
Pais_Honduras,"SARIMA(0,1,2)(0,1,0)[12]",0,1,2,0,1,0,404.14,412.83,0.0181,0.0
Pais_Honduras,"SARIMA(2,1,0)(1,1,1)[12]",2,1,0,1,1,1,404.8,419.29,0.0084,0.0
Pais_Honduras,"SARIMA(0,1,2)(1,1,1)[12]",0,1,2,1,1,1,404.82,419.31,0.0083,0.0
Pais_Honduras,"SARIMA(1,1,2)(1,1,0)[12]",1,1,2,1,1,0,405.03,419.52,0.0094,0.0
Pais_Honduras,"SARIMA(1,1,2)(0,1,1)[12]",1,1,2,0,1,1,405.05,419.54,0.0095,0.0
Pais_Honduras,"SARIMA(1,1,2)(0,1,0)[12]",1,1,2,0,1,0,406.1,417.69,0.0185,0.0
Pais_Honduras,"SARIMA(2,1,1)(0,1,0)[12]",2,1,1,0,1,0,406.12,417.71,0.0181,0.0
Pais_Honduras,"SARIMA(1,1,2)(1,1,1)[12]",1,1,2,1,1,1,406.8,424.19,0.0085,0.0
Pais_EstadosUnidos,"SARIMA(2,1,2)(0,1,0)[12]",2,1,2,0,1,0,390.46,404.95,0.5932,0.0
Pais_EstadosUnidos,"SARIMA(2,1,2)(1,1,0)[12]",2,1,2,1,1,0,391.02,408.41,0.5769,0.0
Pais_EstadosUnidos,"SARIMA(2,1,2)(0,1,1)[12]",2,1,2,0,1,1,391.29,408.68,0.5796,0.0
Pais_EstadosUnidos,"SARIMA(2,1,2)(1,1,1)[12]",2,1,2,1,1,1,392.94,413.23,0.5774,0.0
Pais_EstadosUnidos,"SARIMA(1,1,2)(0,1,0)[12]",1,1,2,0,1,0,398.29,409.88,0.1474,0.0
Pais_EstadosUnidos,"SARIMA(1,1,2)(1,1,0)[12]",1,1,2,1,1,0,398.45,412.94,0.1447,0.0
Pais_EstadosUnidos,"SARIMA(1,1,2)(0,1,1)[12]",1,1,2,0,1,1,398.74,413.23,0.148,0.0
Pais_EstadosUnidos,"SARIMA(1,1,2)(1,1,1)[12]",1,1,2,1,1,1,400.42,417.81,0.1436,0.0
Pais_EstadosUnidos,"SARIMA(2,1,1)(0,1,0)[12]",2,1,1,0,1,0,400.59,412.18,0.1321,0.0
Pais_EstadosUnidos,"SARIMA(2,1,1)(1,1,0)[12]",2,1,1,1,1,0,400.88,415.37,0.1201,0.0
Pais_EstadosUnidos,"SARIMA(2,1,1)(0,1,1)[12]",2,1,1,0,1,1,401.06,415.55,0.1232,0.0
Pais_EstadosUnidos,"SARIMA(2,1,1)(1,1,1)[12]",2,1,1,1,1,1,402.87,420.26,0.12,0.0
Pais_EstadosUnidos,"SARIMA(0,1,0)(0,1,0)[12]",0,1,0,0,1,0,404.68,407.58,0.0365,0.0
Pais_EstadosUnidos,"SARIMA(0,1,0)(1,1,0)[12]",0,1,0,1,1,0,405.37,411.16,0.0301,0.0
Pais_EstadosUnidos,"SARIMA(1,1,0)(0,1,0)[12]",1,1,0,0,1,0,405.41,411.2,0.0285,0.0
Pais_EstadosUnidos,"SARIMA(0,1,0)(0,1,1)[12]",0,1,0,0,1,1,405.54,411.34,0.0307,0.0
Pais_EstadosUnidos,"SARIMA(0,1,1)(0,1,0)[12]",0,1,1,0,1,0,405.59,411.39,0.0294,0.0
Pais_EstadosUnidos,"SARIMA(1,1,0)(1,1,0)[12]",1,1,0,1,1,0,405.88,414.58,0.0254,0.0
Pais_EstadosUnidos,"SARIMA(0,1,1)(1,1,0)[12]",0,1,1,1,1,0,406.11,414.8,0.0259,0.0
Pais_EstadosUnidos,"SARIMA(1,1,0)(0,1,1)[12]",1,1,0,0,1,1,406.11,414.81,0.0258,0.0
Pais_EstadosUnidos,"SARIMA(0,1,1)(0,1,1)[12]",0,1,1,0,1,1,406.33,415.02,0.0264,0.0
Pais_EstadosUnidos,"SARIMA(2,1,0)(0,1,0)[12]",2,1,0,0,1,0,406.63,415.33,0.0488,0.0
Pais_EstadosUnidos,"SARIMA(0,1,2)(0,1,0)[12]",0,1,2,0,1,0,406.65,415.34,0.0487,0.0
Pais_EstadosUnidos,"SARIMA(2,1,0)(1,1,0)[12]",2,1,0,1,1,0,407.1,418.69,0.044,0.0
Pais_EstadosUnidos,"SARIMA(0,1,2)(1,1,0)[12]",0,1,2,1,1,0,407.12,418.71,0.0438,0.0
Pais_EstadosUnidos,"SARIMA(1,1,1)(0,1,0)[12]",1,1,1,0,1,0,407.12,415.82,0.0324,0.0
Pais_EstadosUnidos,"SARIMA(2,1,0)(0,1,1)[12]",2,1,0,0,1,1,407.31,418.9,0.0449,0.0
Pais_EstadosUnidos,"SARIMA(0,1,2)(0,1,1)[12]",0,1,2,0,1,1,407.33,418.92,0.0448,0.0
Pais_EstadosUnidos,"SARIMA(0,1,0)(1,1,1)[12]",0,1,0,1,1,1,407.36,416.05,0.0303,0.0
Pais_EstadosUnidos,"SARIMA(1,1,1)(1,1,0)[12]",1,1,1,1,1,0,407.58,419.18,0.0294,0.0
Pais_EstadosUnidos,"SARIMA(1,1,1)(0,1,1)[12]",1,1,1,0,1,1,407.81,419.4,0.0298,0.0
Pais_EstadosUnidos,"SARIMA(1,1,0)(1,1,1)[12]",1,1,0,1,1,1,407.87,419.46,0.0254,0.0
Pais_EstadosUnidos,"SARIMA(0,1,1)(1,1,1)[12]",0,1,1,1,1,1,408.09,419.68,0.026,0.0
Pais_EstadosUnidos,"SARIMA(2,1,0)(1,1,1)[12]",2,1,0,1,1,1,409.09,423.58,0.0439,0.0
Pais_EstadosUnidos,"SARIMA(0,1,2)(1,1,1)[12]",0,1,2,1,1,1,409.11,423.6,0.0437,0.0
Pais_EstadosUnidos,"SARIMA(1,1,1)(1,1,1)[12]",1,1,1,1,1,1,409.57,424.06,0.0294,0.0
